report_id,instrument,product1_id,product2_id,product3_id,result
100,6,7.0,1.0,,Mass-to-Charge
100,13,0.0,,,Crystal Structure
100,17,7.0,1.0,,Ion Concentration
100,8,6.0,5.0,,Conductivity
100,0,,,,
1000,2,6.0,3.0,5.0,59
1000,15,6.0,1.0,4.0,0.008
1000,12,6.0,3.0,5.0,15.2
1000,3,7.0,5.0,,2.3
1000,6,7.0,4.0,,345
1000,1,7.0,2.0,5.0,530
1000,7,7.0,2.0,4.0,6.5
1000,17,7.0,5.0,,0.056
1000,4,7.0,4.0,,200
1000,5,7.0,2.0,5.0,320
1000,19,7.0,3.0,,7289.68
1003,0,7.0,3.0,,10500
1003,14,7.0,,,95.3
1003,0,,,,Data
1003,0,0.0,3.0,4.0,12000
1003,9,6.0,2.0,4.0,1.5
1003,3,6.0,2.0,5.0,3.2
1003,9,6.0,1.0,,2.3
1003,3,7.0,2.0,5.0,1.8
1003,10,7.0,1.0,4.0,200.5
1003,7,6.0,2.0,,7
1003,0,,,,
1003,19,6.0,1.0,4.0,4889.12
1003,19,6.0,1.0,,4789.59
1003,19,6.0,1.0,4.0,4695.28
1003,0,,,,Sum
106,10,,,,165.32
106,7,,,,6.8
106,12,6.0,,,7.2
106,0,,,,12000
106,19,,,,7182.4
106,18,6.0,,,0.65
106,15,,,,0.054
1070,6,,,,1350
1070,15,,,,8.45
1070,0,,,,12000
1070,7,,,,6.7
1070,2,,,,72
1070,3,,,,2.3
1070,13,,,,60
1070,16,,,,25
1070,8,,,,1500
1079,11,0.0,1.0,5.0,2500
1079,8,6.0,1.0,5.0,1200
1079,6,0.0,2.0,4.0,860
1079,7,7.0,1.0,4.0,5.5
1079,15,6.0,5.0,,0.5
1081,3,0.0,4.0,,2.5
1081,1,6.0,3.0,5.0,500
1081,9,0.0,,,1.7
1081,7,7.0,3.0,,6.8
1081,19,6.0,3.0,4.0,4972.92
1081,19,7.0,1.0,5.0,7118.4
1081,19,,,,7658.11
1083,4,6.0,3.0,,250 ppm
1083,9,7.0,2.0,4.0,2.5
1083,17,6.0,3.0,4.0,25
1083,0,7.0,1.0,5.0,12000
1083,18,0.0,3.0,4.0,0.7
1087,14,6.0,,,300
1087,2,6.0,3.0,4.0,60
1087,5,0.0,2.0,4.0,200
1087,18,0.0,3.0,4.0,0.6
1087,12,6.0,2.0,5.0,15
1087,9,0.0,5.0,,2.5
1087,8,6.0,1.0,,1500
1087,0,0.0,2.0,,12000
1087,3,7.0,3.0,,3.2
1087,1,6.0,3.0,,600
1087,19,0.0,2.0,5.0,1983.91
1088,16,7.0,3.0,,22
1088,17,6.0,1.0,4.0,75.2
1088,2,0.0,2.0,5.0,37
1088,9,6.0,5.0,,1.8
1088,3,6.0,2.0,5.0,3.1
1088,11,6.0,3.0,5.0,1245
1088,15,7.0,1.0,4.0,0.005
1088,13,7.0,1.0,,110
1088,16,7.0,3.0,,32
1088,17,0.0,4.0,,58.6
1088,0,0.0,4.0,,2611.74
1088,0,0.0,2.0,5.0,1984.19
1088,0,6.0,2.0,4.0,5282.12
109,6,0.0,1.0,,1250
109,8,7.0,2.0,,1500
109,6,6.0,1.0,4.0,1100
109,14,0.0,2.0,5.0,550
109,9,6.0,2.0,5.0,2.8
109,14,0.0,2.0,4.0,700
109,19,0.0,1.0,5.0,2978.82
109,19,0.0,3.0,,2906.76
1105,18,6.0,3.0,,0.45
1105,8,6.0,1.0,5.0,980
1105,6,0.0,2.0,5.0,1125
1105,13,0.0,1.0,,90
1106,10,6.0,1.0,,500
1106,17,7.0,4.0,,50
1106,9,0.0,,,1.5
1106,5,6.0,1.0,,250
1106,13,7.0,,,90
1106,11,0.0,,,1000
1106,16,7.0,2.0,,35
1106,3,7.0,2.0,,2
1106,15,6.0,1.0,,5
1106,8,7.0,,,1500
1119,2,0.0,3.0,,45
1119,14,0.0,1.0,4.0,315
1119,4,0.0,3.0,4.0,150
1119,11,0.0,2.0,,1800
1119,8,7.0,,,1500
1119,10,7.0,3.0,,0.6
1119,12,0.0,2.0,4.0,12
1119,15,0.0,4.0,,0.05
1121,18,7.0,2.0,5.0,0.345
1121,12,6.0,1.0,,14
1121,17,7.0,1.0,4.0,45.678
1121,2,7.0,1.0,5.0,88
1121,5,6.0,2.0,5.0,250
1121,13,0.0,1.0,,120
1125,8,6.0,2.0,,1542
1125,9,0.0,2.0,5.0,1.87
1125,18,0.0,3.0,4.0,0.675
1126,1,0.0,4.0,,550
1126,9,7.0,,,1.8
1126,5,0.0,4.0,,300
1126,6,7.0,,,150
1126,15,6.0,1.0,,4.5
1126,14,0.0,3.0,4.0,50
1126,19,7.0,3.0,,7200.83
1126,19,6.0,3.0,5.0,5135.51
1126,11,6.0,,,1200
1126,2,6.0,,,37
1132,0,0.0,2.0,5.0,12000 RPM
1132,0,7.0,3.0,4.0,9000 RPM
1132,7,7.0,1.0,4.0,6.8
1132,7,6.0,1.0,4.0,4.7
1132,12,6.0,4.0,,12.5 ppm
1132,15,0.0,3.0,5.0,0.005 M
1132,1,6.0,2.0,,250 nm
1132,19,0.0,3.0,,2795.14 cP
1132,19,6.0,3.0,5.0,5120.14 cP
1143,6,0.0,2.0,4.0,1350
1143,15,0.0,3.0,4.0,5.7
1143,17,0.0,1.0,5.0,75
1143,4,7.0,,,250
1143,12,0.0,3.0,,15
1143,2,0.0,,,25
1143,19,0.0,,,2571.01
1143,19,7.0,4.0,,7558.42
1143,19,7.0,2.0,4.0,7574.33
1147,10,,,,27.5
1147,12,,,,15.8
1147,4,,,,320.4
1147,5,,,,302.1
1147,3,,,,3.2
1147,2,,,,57
1147,13,,,,120
1147,19,,,,7702.88
1147,19,,,,5001.23
1147,19,,,,4944.41
1154,18,0.0,2.0,5.0,Wear Scar Diameter
1154,1,0.0,2.0,,Absorption Wavelength
1154,16,0.0,3.0,4.0,Cycle Count
1154,8,6.0,5.0,,Conductivity
1154,0,7.0,1.0,4.0,Speed
1154,9,7.0,4.0,,Optical Density
1154,2,7.0,3.0,4.0,Temperature
1162,6,7.0,,,1500
1162,5,6.0,1.0,4.0,250
1162,10,6.0,5.0,,200
1162,4,6.0,,,80
1162,9,0.0,2.0,,1.8
1162,15,0.0,1.0,,0.005
1162,14,7.0,,,500
1162,19,6.0,,,5098.96
1162,19,7.0,4.0,,7440.05
1162,19,7.0,2.0,5.0,7694.27
1172,6,7.0,3.0,5.0,845
1172,6,6.0,5.0,,1958
1172,19,6.0,1.0,,4804.3
1172,18,6.0,3.0,5.0,0.75
1172,18,6.0,4.0,,0.65
1172,8,7.0,5.0,,520
1172,10,0.0,3.0,5.0,150
1172,12,0.0,1.0,5.0,12
1172,4,0.0,2.0,,0.75
1178,1,6.0,4.0,,320.5
1178,1,6.0,2.0,4.0,510.2
1178,0,,,,---
1178,0,,,,
1178,9,6.0,,,2.1
1178,14,7.0,2.0,4.0,450.7
1178,14,6.0,1.0,,350.8
1178,19,6.0,3.0,,4995.68
1178,2,0.0,1.0,4.0,37.5
1178,2,0.0,3.0,4.0,45.9
1178,16,7.0,3.0,5.0,27.3
1178,16,0.0,4.0,,30.2
1178,17,6.0,2.0,,75.5
1185,4,6.0,,,500
1185,17,7.0,,,75
1185,10,7.0,1.0,4.0,0.75
1185,14,,,,350
1185,19,,,,1947.43
1185,8,7.0,1.0,5.0,1800
1185,18,7.0,,,0.55
1185,0,6.0,2.0,,12000
1194,3,0.0,2.0,4.0,3.2
1194,9,0.0,1.0,4.0,2.8
1194,16,7.0,2.0,5.0,16.5
1195,13,,,,120 °C
1195,11,,,,1500 1/cm
12,6,6.0,4.0,,750 m/z
12,11,0.0,3.0,,1720 1/cm
120,9,6.0,3.0,5.0,1.2
120,10,6.0,1.0,,250.5
120,4,7.0,3.0,,450.8
120,10,7.0,2.0,,500.2
120,14,0.0,3.0,,25.4
120,7,0.0,3.0,4.0,7.4
120,19,6.0,3.0,4.0,5025.2
120,19,7.0,1.0,5.0,7108.01
1200,14,0.0,1.0,,500
1200,14,7.0,3.0,,750
1200,7,7.0,2.0,4.0,7
1200,7,0.0,3.0,,6
1200,13,6.0,,,100
1200,13,7.0,1.0,,120
1200,3,6.0,2.0,,2.5
1200,1,6.0,1.0,,450
1200,12,0.0,2.0,5.0,10
1200,11,6.0,3.0,,1500
1200,19,0.0,3.0,,2695.16
1200,19,6.0,4.0,,4727.33
1204,10,7.0,3.0,5.0,450
1204,14,7.0,2.0,,500
1204,17,6.0,2.0,5.0,75
1204,2,6.0,3.0,,60
1204,13,7.0,3.0,5.0,90
1204,0,7.0,2.0,,12000
1204,8,6.0,2.0,5.0,1500
1204,9,6.0,1.0,,1.8
1204,15,7.0,1.0,5.0,5.5
1206,18,7.0,5.0,,0.65
1206,13,0.0,2.0,4.0,45
1206,6,6.0,3.0,,1500
1206,17,7.0,1.0,4.0,50
1218,15,6.0,0.0,1.0,7.12
1218,8,6.0,2.0,5.0,1425
1218,7,0.0,1.0,4.0,5.5
1218,13,6.0,1.0,,90
1218,12,6.0,2.0,5.0,10.2
1218,11,6.0,5.0,,3450
1223,10,0.0,,,870.5
1223,13,0.0,,,50
1223,2,6.0,,,72
1223,6,7.0,,,1200
1223,7,6.0,,,7
1223,16,7.0,,,25
1223,18,0.0,,,0.6
1223,14,6.0,,,250
1223,9,7.0,,,1.8
1223,19,6.0,,,4802.12
1223,19,7.0,,,7418.99
1226,6,0.0,2.0,4.0,1750
1226,5,6.0,5.0,,250
1226,12,0.0,3.0,,5.5
1226,9,7.0,1.0,4.0,1.8
1226,8,0.0,3.0,5.0,1500
1226,19,7.0,5.0,,7446.19
1226,19,6.0,4.0,,5042.01
1226,18,7.0,2.0,,0.75
1226,2,6.0,2.0,5.0,85
1228,11,6.0,4.0,,Wavenumber
1228,12,7.0,1.0,4.0,Chemical Shift
1228,13,0.0,1.0,,Angle
1228,17,7.0,1.0,5.0,Concentration
1228,7,6.0,1.0,5.0,pH
1228,5,6.0,2.0,5.0,Concentration
1228,9,6.0,3.0,,Absorbance
1228,10,0.0,3.0,4.0,Concentration
1228,0,0.0,3.0,5.0,Speed
1228,1,7.0,3.0,4.0,Wavelength
1230,19,6.0,2.0,4.0,5062.93
1230,19,7.0,,,7341.01
1237,1,0.0,3.0,,300
1237,10,6.0,3.0,5.0,0.5
1237,5,6.0,1.0,4.0,50
1237,4,7.0,1.0,4.0,500
1237,6,7.0,2.0,5.0,1500
1237,8,7.0,3.0,,1000
1237,16,0.0,4.0,,30
1237,0,,,,
1237,1,6.0,2.0,4.0,450
1237,10,6.0,4.0,,0.7
1241,16,6.0,2.0,4.0,35
1241,12,0.0,2.0,5.0,15
1241,9,6.0,1.0,5.0,2.8
1241,15,7.0,1.0,5.0,5.5
1241,13,0.0,3.0,5.0,120
1241,14,0.0,2.0,,450
1241,7,6.0,2.0,4.0,7
1241,2,0.0,2.0,5.0,85
1241,19,0.0,2.0,4.0,2191.12
1241,19,0.0,1.0,4.0,2855.97
1253,1,0.0,4.0,,Absorption Peak
1253,7,6.0,4.0,,pH Level
1253,5,7.0,1.0,5.0,Concentration
1253,13,0.0,2.0,4.0,Temperature
1253,2,6.0,2.0,,Thermal Profile
1253,8,6.0,3.0,5.0,Conductivity
1253,15,7.0,2.0,,Molarity
1253,19,7.0,,,Viscosity
1253,19,0.0,2.0,5.0,Viscosity
1255,17,0.0,3.0,5.0,15.678
1255,8,0.0,2.0,5.0,1023
1255,6,0.0,1.0,,478
1255,12,6.0,4.0,,10.5
1255,3,7.0,1.0,,3.2
1255,7,6.0,2.0,4.0,7.4
1255,5,7.0,3.0,,250.67
1255,10,7.0,2.0,5.0,315.5
1255,19,7.0,1.0,5.0,7177.81
1255,19,7.0,4.0,,7644.78
1262,14,6.0,1.0,,Viscosity
1262,18,7.0,2.0,,Wear Scar Diameter
1262,17,6.0,,5.0,Concentration
1262,13,0.0,,,Melting Point
1262,3,6.0,4.0,,Optical Density
1262,0,7.0,1.0,,Rotational Speed
1262,7,6.0,1.0,5.0,pH
1262,11,7.0,2.0,5.0,Absorbance
1262,19,6.0,,,Viscosity
1262,19,6.0,5.0,,Viscosity
1269,16,0.0,3.0,5.0,28
1269,0,7.0,3.0,5.0,12000
1269,1,0.0,2.0,4.0,450
1269,8,,,,
1269,8,6.0,3.0,,750
1269,6,0.0,2.0,5.0,320
1269,13,6.0,,,160
1269,2,0.0,1.0,,37
1269,0,,,,
1269,19,6.0,2.0,,5132.28
1269,19,6.0,4.0,,4854.55
128,18,6.0,2.0,,Wear Scar: 0.750 mm
128,5,7.0,2.0,4.0,250 μg/mL
128,0,0.0,3.0,4.0,12000 RPM
128,19,6.0,1.0,4.0,4728.66 cP
1295,10,6.0,1.0,5.0,521.35
1295,10,7.0,2.0,5.0,456.78
1295,7,0.0,4.0,,8.3
1295,14,7.0,2.0,,0.45
1295,7,0.0,3.0,4.0,5.6
1295,0,6.0,1.0,4.0,12000
1295,13,6.0,3.0,5.0,117
1295,5,0.0,1.0,5.0,235.67
1308,11,,,,3500
1308,15,,,,0.002
1308,18,,,,0.75
1308,19,,,,4844.69
1308,19,,,,7284.85
131,16,0.0,5.0,,25.3
131,16,6.0,5.0,,32.5
131,8,0.0,2.0,5.0,1523
131,8,6.0,1.0,5.0,1800
131,12,6.0,,,10.5
131,14,0.0,2.0,,120.4
1316,0,0.0,1.0,5.0,Identified Peaks
1316,0,6.0,4.0,,Resonance Verified
1316,0,0.0,1.0,5.0,Component Quantified
1327,2,0.0,3.0,4.0,63
1327,2,7.0,2.0,4.0,22
1327,3,6.0,3.0,,3.2
1327,10,6.0,2.0,4.0,541.7
1327,17,7.0,,,12.4
1327,11,6.0,1.0,4.0,1602
1327,6,0.0,1.0,5.0,956
1327,19,6.0,2.0,4.0,5190.17
1327,19,6.0,5.0,,4912.54
1329,15,6.0,3.0,5.0,5.674 M
1329,17,7.0,,,12.3 mM
1329,18,0.0,2.0,,0.645
1329,2,0.0,5.0,,37
1329,1,7.0,3.0,,450
1329,11,6.0,3.0,5.0,1450
133,1,7.0,5.0,,750
133,9,0.0,3.0,5.0,1.25
133,3,7.0,3.0,,2.5
133,1,0.0,1.0,4.0,850
133,18,6.0,2.0,,0.5
133,18,6.0,,,0.75
133,8,0.0,1.0,5.0,1500
133,8,7.0,3.0,,1800
133,19,7.0,1.0,5.0,7322.09
133,19,0.0,3.0,5.0,2628.15
133,17,6.0,2.0,4.0,75
1344,12,,,,15.3
1344,4,7.0,3.0,5.0,329.9
1344,6,,,,1024
1344,17,,,,18.6
1344,7,,,,7.1
1344,15,6.0,,,5.2
1344,19,0.0,2.0,5.0,1856.31
1344,19,0.0,2.0,5.0,1880.08
1344,19,7.0,1.0,4.0,7164.26
1344,16,0.0,3.0,5.0,28.4
1344,9,6.0,,,1.7
1344,3,7.0,3.0,4.0,2.8
1344,10,7.0,2.0,4.0,482.7
1352,4,,,,350
1352,1,,,,600
1352,9,,,,1.8
1352,10,,,,550
1352,3,,,,3.2
1352,11,,,,1700
1352,19,,,,4931.43
1352,19,,,,4719.76
1356,6,,,,1550 m/z
1356,0,,,,8500 RPM
1356,1,,,,650 nm
1356,7,,,,7.2 pH
1359,18,0.0,3.0,,0.5
1359,1,7.0,1.0,,550
1359,12,6.0,2.0,4.0,10
1359,7,6.0,2.0,5.0,6
1359,16,6.0,3.0,5.0,25
1359,4,6.0,5.0,,450
1363,17,0.0,2.0,,43.2 mM
1363,5,6.0,2.0,4.0,120.3 µg/mL
1363,14,7.0,2.0,4.0,120.5 Pa-s
1374,4,7.0,3.0,5.0,750
1374,10,6.0,2.0,5.0,850
1374,14,0.0,1.0,4.0,400
1374,5,7.0,1.0,,300
1374,8,6.0,5.0,,1800
1374,9,7.0,4.0,,2.5
1374,18,0.0,1.0,4.0,0.8
1374,0,7.0,,,12000
1374,19,6.0,2.0,,5271.27
1374,19,6.0,5.0,,4813.05
1374,19,7.0,3.0,,7231.66
1376,19,,,,cP
1376,19,,,,cP
1378,3,7.0,2.0,,3.2
1378,6,7.0,4.0,,1587
1378,3,7.0,1.0,,2.5
1378,6,0.0,2.0,,1300
1378,4,7.0,2.0,5.0,678
1378,8,0.0,3.0,5.0,1540
1378,18,7.0,1.0,5.0,0.753
1378,18,0.0,3.0,,0.845
1378,15,0.0,1.0,,0.962
138,5,6.0,1.0,,125.5
138,8,0.0,3.0,4.0,750
138,14,6.0,4.0,,5.75
138,9,0.0,5.0,,1.2
138,12,0.0,3.0,,10.5
138,17,,1.0,,15.5
138,13,0.0,2.0,4.0,110
138,7,0.0,,,7.5
138,11,7.0,1.0,,1100
138,10,,,,150.25
138,19,6.0,2.0,,5297.74
138,19,0.0,3.0,,2818.33
1384,10,,,,0.05
1384,12,,,,15
1400,9,7.0,4.0,1.0,1.8
1400,7,7.0,1.0,,6.5
1402,12,0.0,3.0,5.0,12.5
1402,4,7.0,3.0,5.0,150
1402,5,0.0,2.0,,50
1402,10,0.0,1.0,5.0,250
1402,12,7.0,5.0,,15
1402,0,7.0,3.0,5.0,8000
1402,0,0.0,3.0,5.0,12000
1402,15,0.0,1.0,5.0,0.005
1402,15,7.0,2.0,,0.002
1402,19,0.0,2.0,,2034.24
1402,19,7.0,5.0,,7637.9
141,3,0.0,1.0,5.0,2.3
141,6,0.0,1.0,4.0,1250
141,1,7.0,1.0,,770
141,9,7.0,1.0,,1.6
141,15,6.0,1.0,5.0,0.005
141,18,0.0,1.0,5.0,0.468
141,8,6.0,1.0,5.0,1500
141,19,6.0,3.0,5.0,5202.73
1423,12,0.0,1.0,,15.2
1423,6,0.0,1.0,,1450.5
143,3,0.0,3.0,5.0,3.2
143,1,6.0,1.0,5.0,550
143,8,7.0,1.0,,750
143,7,6.0,3.0,,5.5
143,12,7.0,2.0,4.0,12
143,18,6.0,4.0,,0.65
143,19,6.0,3.0,5.0,5170.29
143,19,7.0,5.0,,7551.4
1432,1,6.0,2.0,5.0,715
1432,11,0.0,3.0,,1500
1432,10,0.0,2.0,,65
1432,4,6.0,1.0,4.0,0.5
1432,8,0.0,2.0,5.0,1200
1432,14,0.0,3.0,4.0,0.9
1432,13,6.0,2.0,5.0,25
1432,2,0.0,2.0,,37
1432,12,6.0,1.0,4.0,10
1432,18,0.0,3.0,4.0,0.35
1432,19,6.0,2.0,4.0,5286.65
1437,1,,,,750
1437,9,,,,1.8
1437,1,,,,820
1437,9,,,,2.4
1437,14,,,,450
1437,3,,,,2.1
1437,8,,,,1200
1437,11,,,,950
1437,16,,,,25
1445,11,4.0,,,1230
1445,13,3.0,5.0,,57
1445,18,2.0,4.0,,0.45
1445,3,3.0,,,3.2
1445,17,2.0,5.0,,0.015
1445,11,5.0,,,1750
1445,19,2.0,,,5185.99
1445,19,4.0,,,2543.56
1445,19,3.0,4.0,,7355.07
1464,5,7.0,3.0,,45.6 µg/mL
1464,10,0.0,4.0,,150.5 mg/L
1464,12,0.0,3.0,4.0,8.5 ppm
1464,15,0.0,1.0,,0.002 M
1464,9,0.0,3.0,4.0,2.3 Abs
1466,3,7.0,1.0,4.0,2.7
1466,12,7.0,2.0,5.0,12
1466,13,7.0,1.0,5.0,85
1466,16,6.0,2.0,,25
1466,10,6.0,1.0,4.0,234
1466,2,0.0,3.0,5.0,72
147,5,7.0,2.0,4.0,75.32
147,6,6.0,1.0,5.0,1205.4
147,18,0.0,1.0,5.0,0.458
147,13,6.0,5.0,,145.3
147,15,0.0,3.0,4.0,4.678
147,19,7.0,1.0,,7064.86
147,19,6.0,,,4986.43
147,6,0.0,4.0,,1583.9
1471,12,7.0,3.0,4.0,15
1471,4,6.0,3.0,,35.5
1471,10,6.0,3.0,4.0,487.5
1471,17,6.0,1.0,5.0,78.2
1471,7,7.0,2.0,,6.4
1471,13,0.0,2.0,,120
1471,9,7.0,2.0,4.0,1.8
1473,12,7.0,4.0,,15
1473,9,0.0,3.0,4.0,2.5
1473,14,6.0,,,950
1473,15,6.0,5.0,,8
1473,19,7.0,2.0,4.0,7543.98
1473,19,7.0,1.0,4.0,7451.81
1473,19,7.0,1.0,,7125.94
1479,9,0.0,5.0,,1.2
1479,9,6.0,2.0,5.0,3.1
1479,0,0.0,4.0,,12000
1479,0,0.0,2.0,,7500
1479,15,6.0,1.0,4.0,0.005
1479,15,6.0,1.0,5.0,0.15
1479,4,7.0,2.0,,250
1479,4,7.0,4.0,,350
1479,13,6.0,5.0,,50
1479,19,6.0,1.0,4.0,4742.29
1479,19,6.0,2.0,,5447.12
1479,19,6.0,1.0,4.0,4695.79
1481,11,6.0,,,10
1481,6,7.0,,,589
1481,12,0.0,,,15
1481,16,6.0,,,30
1481,10,7.0,,,590
1483,4,7.0,1.0,5.0,250
1483,18,6.0,3.0,,0.75
1483,3,7.0,3.0,5.0,2.5
1483,8,6.0,3.0,4.0,1500
1483,4,6.0,1.0,,0.3
1483,18,0.0,2.0,4.0,0.85
1483,5,6.0,5.0,,300
1483,13,0.0,3.0,5.0,90
1484,10,6.0,3.0,5.0,523.75
1484,12,6.0,5.0,,8.7
1484,8,6.0,4.0,,1450
1484,11,6.0,1.0,,3050
1484,2,0.0,3.0,4.0,32
1484,17,7.0,1.0,,47.2
1484,9,0.0,1.0,5.0,2.8
1484,10,6.0,1.0,4.0,789.45
1484,12,0.0,2.0,5.0,15.3
15,2,0.0,4.0,,75
15,3,7.0,3.0,4.0,2.5
15,6,0.0,3.0,4.0,950
15,12,7.0,1.0,5.0,10
15,11,7.0,3.0,,3500
15,10,0.0,4.0,,500
15,13,7.0,3.0,,120
15,18,0.0,3.0,,0.75
15,19,6.0,,,5100.84
15,19,6.0,3.0,,4962.7
15,19,7.0,2.0,4.0,7649.09
1509,19,,,,2375.4
1509,19,,,,7348.21
1509,16,,,,12
1526,8,6.0,1.0,,1845
1526,8,0.0,,,1650
1526,7,6.0,2.0,5.0,7.5
1526,9,0.0,3.0,4.0,2.7
1526,9,6.0,5.0,,1.9
1526,13,0.0,2.0,4.0,120
1526,19,6.0,2.0,4.0,5130.79
1526,18,0.0,2.0,,0.45
1526,10,7.0,2.0,4.0,750
1526,5,6.0,1.0,4.0,320
153,7,7.0,1.0,,7
153,5,0.0,2.0,5.0,50
153,12,0.0,2.0,,5
153,18,6.0,3.0,5.0,0.6
153,16,0.0,3.0,5.0,30
1533,8,0.0,1.0,4.0,1450
1533,0,6.0,,,12000
1549,3,6.0,2.0,5.0,3.5 OD
1549,17,0.0,2.0,4.0,50.5 mM
1549,1,0.0,2.0,,550 nm
1567,6,6.0,3.0,,1567
1567,16,0.0,5.0,,28
1567,17,0.0,3.0,,45.12
1567,18,0.0,2.0,,0.567
1569,17,6.0,3.0,,35.67 mM
1569,8,0.0,5.0,,1200 uS/cm
1569,2,7.0,3.0,5.0,55 °C
1569,12,7.0,2.0,4.0,10.5 ppm
1569,11,0.0,1.0,,2500 1/cm
1569,17,0.0,4.0,,45.12 mM
1569,19,7.0,1.0,4.0,7291.28 cP
1576,3,7.0,3.0,4.0,2.3
1576,2,7.0,2.0,5.0,37
1576,9,7.0,3.0,4.0,0.95
1576,17,7.0,3.0,5.0,5.22
1576,5,7.0,1.0,5.0,100
1576,10,6.0,1.0,5.0,450
1576,8,6.0,,,998
1578,10,0.0,,,528.43
1578,9,0.0,,,2.35
1578,12,7.0,,,14.8
1578,17,7.0,,,85.2
1578,6,7.0,,,1725.5
1578,15,0.0,,,4.21
1578,1,7.0,,,645
1580,1,6.0,3.0,4.0,750.5
1580,1,6.0,5.0,,450.2
1580,1,7.0,1.0,5.0,990.3
1580,17,0.0,1.0,5.0,0.035
1580,10,6.0,5.0,,250.9
1580,13,0.0,2.0,,75.6
1580,13,7.0,1.0,4.0,45.3
1580,2,6.0,3.0,4.0,55.4
1580,8,0.0,2.0,,1500
1580,12,0.0,2.0,5.0,8.7
1580,12,7.0,4.0,,18.2
1580,4,7.0,1.0,4.0,0.3
1580,4,0.0,2.0,5.0,0.9
159,18,7.0,5.0,,0.35
159,4,0.0,3.0,,200
159,3,6.0,3.0,4.0,1.8
159,7,0.0,5.0,,7.5
159,9,0.0,1.0,,2.2
1594,5,0.0,1.0,,120.56
1594,6,6.0,,,1530
1594,10,6.0,3.0,5.0,800.21
1594,12,7.0,5.0,,10.5
1594,9,6.0,4.0,,2.1
1594,18,6.0,1.0,4.0,0.65
1594,3,0.0,1.0,5.0,3.8
1594,17,7.0,1.0,,85.4
1594,5,0.0,2.0,5.0,230.45
1594,19,0.0,3.0,,2968.42
1594,19,0.0,2.0,5.0,1799.21
1609,10,6.0,4.0,,499.52
1609,8,0.0,1.0,,1427
1609,7,7.0,2.0,,6.8
1609,17,7.0,3.0,,23.7
1609,18,6.0,,,0.789
1609,13,7.0,3.0,,95.2
1609,5,7.0,2.0,,Concentration
1609,9,6.0,3.0,,Absorbance
1609,4,0.0,3.0,4.0,876
1609,19,6.0,2.0,,5329.55
161,14,,,,384.2
161,2,,,,73
1620,8,6.0,1.0,5.0,950
1620,8,6.0,5.0,,1100
1620,3,0.0,1.0,,2.5
1620,19,7.0,,,7329.51
1620,19,6.0,3.0,5.0,5077.11
165,10,0.0,3.0,,Concentration
165,14,7.0,1.0,4.0,Viscosity
165,3,6.0,,,Optical Density
165,15,0.0,1.0,5.0,Molarity
165,0,,,,------------
165,0,,,,"Ignore, This"
165,0,,,,-------------
1652,18,7.0,1.0,,0.45
1652,16,6.0,1.0,4.0,28
1652,10,7.0,4.0,,500
1652,9,6.0,2.0,,2.3
1664,7,0.0,3.0,5.0,7.5
1664,0,6.0,5.0,,6.8
1664,6,7.0,3.0,5.0,534
1679,5,,,,100.25
1679,17,,,,25.3
1679,9,,,,1.5
1679,4,,,,750.5
1679,14,0.0,,,350.6
1679,8,,,,1450
1679,19,,,,2003.54
1679,19,,,,2076.25
1679,2,,,,58
1679,1,,,,520
1679,16,,,,25
1687,11,0.0,1.0,4.0,450
1687,11,0.0,1.0,,3400
1687,7,7.0,3.0,5.0,5.9
1687,7,7.0,1.0,4.0,6.5
1687,5,6.0,2.0,4.0,250
1687,5,7.0,1.0,,150
1687,17,0.0,2.0,5.0,10
1687,19,6.0,3.0,,5118.85
1687,19,6.0,3.0,,5230.99
169,0,,,,12000
169,19,7.0,1.0,,7149.55
169,19,0.0,2.0,4.0,2064.04
169,0,,,,...
169,17,6.0,1.0,,0.025
169,15,6.0,,,7.5
169,19,7.0,5.0,,7345.66
169,0,,,,...
169,7,7.0,3.0,4.0,7.2
169,3,7.0,3.0,4.0,2.5
169,0,,,,...
1720,18,7.0,2.0,5.0,0.75
1720,12,0.0,2.0,,18
1720,16,6.0,2.0,5.0,25
1720,1,6.0,2.0,,300
1720,4,6.0,1.0,,150
1720,11,7.0,3.0,4.0,3200
1720,19,6.0,3.0,,5140.5
1730,6,6.0,3.0,5.0,1500
1730,12,7.0,,,10
1730,14,7.0,5.0,,500
1730,9,0.0,1.0,4.0,2.8
1730,1,6.0,2.0,5.0,450
1730,15,0.0,2.0,4.0,0.05
1730,17,0.0,4.0,,25
1730,16,7.0,3.0,4.0,30
1730,8,6.0,3.0,5.0,1800
1730,19,7.0,2.0,5.0,7642.45
1730,19,0.0,1.0,4.0,3129.4
1732,1,0.0,1.0,,860.5
1732,6,0.0,2.0,5.0,450.2
1732,5,0.0,4.0,,100.5
1732,2,7.0,3.0,5.0,85
1732,13,0.0,1.0,,150
1732,19,6.0,1.0,4.0,4668.18
1732,19,6.0,3.0,,5018.38
1732,9,6.0,3.0,,2.3
1732,15,7.0,3.0,,0.056
1732,18,7.0,1.0,4.0,0.62
1732,16,0.0,2.0,,28.7
1732,4,0.0,2.0,5.0,750.1
1742,6,6.0,1.0,5.0,150
1742,13,7.0,,,160
1742,19,0.0,2.0,,2023.58
1742,19,7.0,2.0,4.0,7806.24
1743,5,7.0,,,320 µg/mL
1743,13,7.0,3.0,4.0,120 °C
1743,0,6.0,3.0,4.0,8500 RPM
1743,19,7.0,2.0,5.0,7559.24 cP
1743,19,6.0,3.0,5.0,5250.06 cP
1743,19,7.0,,,7514.61 cP
1743,15,6.0,5.0,,5.8 M
1743,3,0.0,,,3.2 OD
1753,1,0.0,2.0,4.0,Wavelength
1753,9,6.0,2.0,5.0,Absorbance
1753,2,0.0,4.0,,Temperature
1753,4,0.0,1.0,5.0,Concentration
1759,19,,,,7432.05
1759,19,6.0,,,5002.71
1764,8,6.0,3.0,4.0,1520
1772,9,7.0,3.0,,2.4
1772,0,,,,
1772,13,6.0,,,
1779,5,0.0,1.0,4.0,ug/mL: 250
1779,8,0.0,1.0,5.0,uS/cm: 1800
1779,4,0.0,1.0,,ppm: 0.9
1796,8,6.0,3.0,4.0,Conductivity: 1250
1796,9,0.0,3.0,5.0,Absorbance: 2.7
1796,7,6.0,1.0,,pH: 6.8
1796,15,0.0,2.0,,Molarity: 0.0025
1796,4,0.0,1.0,5.0,Concentration: 850
1796,3,6.0,,,Optical Density: 1.5
1796,16,6.0,2.0,5.0,Cycle Threshold: 25
1796,14,6.0,3.0,4.0,Viscosity: 450
1796,5,0.0,1.0,5.0,Concentration: 200
1796,2,6.0,2.0,5.0,Temperature: 37
1796,19,6.0,2.0,,Viscosity: 5266.69
1796,19,6.0,3.0,,Viscosity: 5089.96
1800,7,0.0,3.0,,6.8
1800,19,7.0,1.0,5.0,7227.96 cP
1800,19,7.0,4.0,,7350.76 cP
1828,15,6.0,1.0,4.0,5.678
1828,6,6.0,2.0,,1025
1828,11,6.0,3.0,,1234
1828,5,0.0,2.0,4.0,250.3
1828,9,0.0,1.0,,1.45
1828,3,6.0,1.0,,2.56
1828,19,0.0,3.0,,2918.11
1828,19,0.0,3.0,,3034.26
1829,6,7.0,2.0,,1500
1829,2,7.0,3.0,,60
1829,1,0.0,2.0,5.0,350
1829,4,6.0,3.0,5.0,500
1829,16,0.0,4.0,,25
1829,17,7.0,1.0,4.0,10
1829,0,0.0,2.0,,13000
1829,3,7.0,2.0,,2.5
1829,14,6.0,3.0,5.0,750
1829,11,0.0,2.0,,3000
1847,12,,,,15
1847,1,,,,250
1847,10,,,,500
1847,4,,,,250
1847,5,,,,300
1847,15,,,,0.005
1847,8,,,,1200
1847,7,,,,7
1847,19,,,,3110.22
1847,19,,,,4652.24
1857,18,6.0,2.0,4.0,0.500 mm
1857,8,7.0,2.0,,1200 uS/cm
1857,8,6.0,2.0,,1800 uS/cm
1857,0,6.0,,,12000 RPM
1867,1,7.0,2.0,4.0,550
1867,17,6.0,3.0,,0.045
1867,4,0.0,1.0,5.0,250
1867,12,7.0,3.0,5.0,10
1867,19,6.0,5.0,,5049.56
1867,19,7.0,1.0,4.0,7099.73
187,17,0.0,,,0.025 mM
187,9,0.0,,,1.2 Abs
187,14,7.0,1.0,4.0,450 Pa-s
187,13,6.0,,,90
187,3,6.0,5.0,,2.5 OD
187,11,6.0,3.0,,3500 1/cm
1875,3,7.0,1.0,4.0,2.5
1875,5,6.0,1.0,5.0,320
1875,3,0.0,4.0,,1.8
1875,10,0.0,1.0,5.0,750
1875,18,7.0,,,0.45
1875,8,7.0,3.0,4.0,1500
1875,19,0.0,2.0,,1938.93
1875,19,0.0,3.0,5.0,2797.92
1875,15,0.0,1.0,4.0,5.3
1875,17,6.0,2.0,4.0,60
1875,16,6.0,5.0,,28
1877,0,7.0,3.0,,12050
1877,0,6.0,1.0,,13200
1877,8,0.0,5.0,,1450
1877,4,6.0,3.0,,350.5
1881,17,0.0,5.0,,25.8
1881,19,0.0,3.0,5.0,2625.59
1881,19,6.0,5.0,,4992.72
1884,7,7.0,4.0,,pH Level
1884,9,0.0,2.0,4.0,Absorbance
1884,8,6.0,3.0,,Conductivity
1884,11,7.0,1.0,4.0,Wavenumber
1884,13,6.0,3.0,,Crystallinity
1884,2,6.0,5.0,,Temperature
1884,14,0.0,2.0,4.0,256
1884,15,7.0,4.0,,0.02
1884,16,7.0,1.0,4.0,28
1884,19,0.0,2.0,,1930.84
1884,19,7.0,1.0,5.0,7045.36
1887,7,0.0,3.0,5.0,pH
1887,16,7.0,,,Threshold Cycle
1887,6,0.0,3.0,,Mass-to-Charge
1887,11,6.0,3.0,4.0,Wavenumber
1887,9,0.0,,,Absorbance
1887,10,0.0,5.0,,Concentration
1887,7,7.0,3.0,5.0,pH
1887,16,6.0,3.0,,Threshold Cycle
1887,6,6.0,4.0,,Mass-to-Charge
1887,11,7.0,5.0,,Wavenumber
1892,14,0.0,2.0,4.0,450 Pa-s
1892,19,7.0,3.0,,7312.02 cP
1892,19,6.0,3.0,5.0,5207.91 cP
1899,1,,,,850
1899,9,,,,1.8
1899,19,,,,4730.95
1899,15,,,,5.75
1899,0,,,,12000
1899,19,,,,7677.93
1899,14,,,,750.3
1899,8,,,,950
1899,7,,,,7.2
1899,13,,,,120
1899,10,,,,150.5
1899,5,,,,250
1914,18,6.0,1.0,5.0,0.5
1914,16,6.0,,,35
1914,11,0.0,2.0,5.0,2500
1914,4,6.0,5.0,,0.5
1914,13,7.0,1.0,4.0,120
1914,14,7.0,5.0,,150
1919,8,0.0,1.0,4.0,1500
1919,7,7.0,1.0,4.0,7.5
1919,0,,,,
192,17,7.0,3.0,,55.678
192,18,0.0,2.0,,0.756
192,16,0.0,5.0,,28
192,6,0.0,3.0,4.0,1235
192,12,0.0,3.0,,15
192,1,6.0,4.0,,230
192,5,6.0,2.0,,350
1920,15,0.0,1.0,,3.456
1920,10,0.0,,,250.78
1920,9,7.0,2.0,4.0,1.234
1920,11,0.0,5.0,,1550
1920,16,0.0,2.0,,25
1920,18,6.0,1.0,4.0,0.654
1926,13,,,,112°C
1926,15,,,,8.5 M
1926,0,,,,...
1936,7,0.0,3.0,5.0,6.5
1936,18,6.0,1.0,4.0,0.65
1936,19,0.0,,,2561.57
1936,19,7.0,,,7387.97
1938,9,0.0,2.0,4.0,2.8
1938,1,7.0,3.0,4.0,600
1938,19,6.0,5.0,,5016.13
1938,19,0.0,1.0,4.0,3015.45
1938,8,6.0,2.0,5.0,850
1938,5,7.0,1.0,5.0,42
1938,15,7.0,3.0,4.0,5.7
1938,12,6.0,2.0,5.0,3.4
1938,7,0.0,2.0,4.0,5.9
1938,14,0.0,2.0,4.0,150
1938,3,7.0,3.0,4.0,1.2
1957,15,,,,5 M
1957,6,,,,1200 m/z
1957,19,,,,7261.96 cP
1957,19,,,,2612.72 cP
196,19,7.0,1.0,5.0,7810.99
196,19,6.0,3.0,,5290.49
196,8,7.0,5.0,,1100
1964,16,7.0,4.0,,24
1964,12,6.0,5.0,,15
1964,0,6.0,1.0,5.0,8000
1970,0,0.0,1.0,5.0,5500
1970,8,0.0,1.0,4.0,600
1970,13,7.0,3.0,,120.5
1970,11,0.0,3.0,,1700
1970,7,0.0,5.0,,5.6
1970,6,0.0,2.0,,1500.3
1970,12,7.0,3.0,4.0,15.3
1970,19,7.0,3.0,4.0,7120.18
1970,19,7.0,2.0,5.0,7790.07
1970,19,6.0,,,5320.55
1987,14,7.0,2.0,,892
1987,14,7.0,3.0,,675
1987,19,7.0,,,7477.57
1987,17,6.0,,,45
1987,11,0.0,3.0,5.0,987
1994,19,0.0,1.0,5.0,2779.15
1994,19,0.0,2.0,,2053.69
1994,19,0.0,2.0,4.0,2011.87
1994,14,7.0,1.0,,569.32
2000,16,7.0,3.0,5.0,29
2000,9,6.0,3.0,4.0,2.5
2000,8,6.0,1.0,,1500
2000,1,0.0,1.0,4.0,650
2000,10,7.0,5.0,,400
2000,19,7.0,2.0,4.0,7473.99
2000,19,0.0,3.0,,2823.18
2006,14,7.0,1.0,5.0,75.3
2006,0,6.0,1.0,4.0,12000
2006,7,7.0,2.0,,6.8
2006,19,6.0,2.0,4.0,5336.99
2006,19,7.0,1.0,4.0,7195.84
2006,10,0.0,3.0,4.0,500.23
2006,9,0.0,4.0,,2.15
2006,17,0.0,1.0,4.0,0.05
2006,11,0.0,3.0,4.0,1200
2006,13,7.0,,,90
2006,6,7.0,3.0,5.0,1500
205,11,7.0,3.0,5.0,1300
205,1,0.0,4.0,,650
205,17,6.0,4.0,,0.05
205,16,7.0,1.0,4.0,28
205,6,0.0,3.0,5.0,1200
205,18,0.0,5.0,,0.6
205,0,6.0,5.0,,12000
205,15,0.0,1.0,5.0,0.8
205,4,0.0,1.0,,50
205,11,6.0,1.0,5.0,3500
2050,8,,,,1500
2050,14,,,,500
2064,14,0.0,1.0,5.0,500
2064,19,7.0,1.0,4.0,7187.33
2064,19,0.0,,,1963.95
2064,6,0.0,3.0,4.0,950
2064,12,0.0,1.0,5.0,15
2064,4,0.0,3.0,4.0,750
2064,9,6.0,3.0,,2.1
2064,3,7.0,2.0,5.0,3.3
2064,7,6.0,3.0,,6.5
2064,0,7.0,1.0,5.0,12500
2064,8,7.0,2.0,5.0,1500
2071,0,,,,3245
2071,0,,,,1.45
2071,0,,,,745.5
2071,0,,,,220.2
2071,0,,,,150.6
2071,0,,,,12000
2071,0,,,,15.5
2071,0,,,,0.85
2071,0,,,,5.8
2071,0,,,,23.2
2071,0,,,,4959.46
2073,9,7.0,1.0,4.0,3.1 Abs
2073,12,7.0,2.0,5.0,15.8 ppm
2073,4,6.0,5.0,,250
2073,5,0.0,3.0,5.0,45.5
2073,6,0.0,,,950
2073,19,0.0,1.0,4.0,3028.33
2085,19,6.0,,,4942.1
2085,19,7.0,,,7010.56
2094,2,0.0,2.0,5.0,45
2094,14,6.0,1.0,,120
2094,2,7.0,3.0,,50
2094,17,7.0,3.0,,25.5
2094,5,7.0,4.0,,12.5
2094,1,7.0,1.0,,450
2094,6,6.0,2.0,,620
2094,3,7.0,2.0,4.0,1.2
2094,16,0.0,1.0,4.0,18
2094,19,7.0,4.0,,7581.84
2094,19,0.0,2.0,4.0,2116.81
2094,19,0.0,4.0,,2449.09
2117,10,0.0,,,523.47
2117,17,6.0,,,83.6
2117,13,7.0,,,134.2
2117,1,7.0,,,724.5
2117,11,0.0,,,2543
2117,19,7.0,,,7382.88
2119,18,7.0,2.0,4.0,0.55
2119,19,0.0,4.0,,2491.36
2119,19,7.0,3.0,,7204.82
212,18,6.0,2.0,,0.25
212,16,0.0,3.0,,25
212,5,6.0,3.0,4.0,250.5
212,7,7.0,3.0,5.0,7.8
212,3,6.0,3.0,,1.7
2128,13,,,,120
2128,2,,,,45
2128,5,,,,230
2128,4,,,,550
2128,6,,,,1800
2128,1,,,,350
2128,13,,,,160
2128,2,,,,77
2128,5,,,,290
213,18,6.0,3.0,,0.75
213,2,7.0,1.0,4.0,65
213,4,0.0,4.0,,250
213,17,6.0,1.0,5.0,0.05
213,6,0.0,3.0,4.0,600
213,15,7.0,2.0,4.0,4.5
213,19,7.0,1.0,4.0,7196.93
2139,9,6.0,2.0,5.0,1.2
2139,12,6.0,1.0,,15
2139,1,0.0,,,450
2139,11,7.0,3.0,,1600
2139,17,6.0,3.0,,10.5
2139,3,0.0,1.0,4.0,2.4
2139,4,6.0,2.0,5.0,500
2139,15,6.0,1.0,,0.5
2139,10,0.0,,,45
2139,19,6.0,3.0,5.0,5017.71
2139,19,0.0,,,2523.8
2139,2,7.0,3.0,,37
215,3,7.0,3.0,,Optical Density: 3.2 OD
215,11,6.0,2.0,,Wavenumber: 1750 1/cm
215,14,0.0,2.0,4.0,Viscosity: 250 Pa-s
215,17,0.0,3.0,4.0,Concentration: 0.25 mM
215,9,7.0,4.0,,Absorbance: 1.2 Abs
215,4,0.0,1.0,4.0,Proportion: 600 ppm
215,18,0.0,2.0,5.0,Wear Scar Diameter: 0.750 mm
215,1,0.0,,,Wavelength: 500 nm
215,15,7.0,2.0,,Molarity: 0.008 M
215,19,6.0,2.0,4.0,Viscosity: 5203.95 cP
215,19,7.0,4.0,,Viscosity: 7577.07 cP
2153,6,7.0,3.0,4.0,850
2153,0,7.0,4.0,,12000
2153,19,0.0,2.0,,1988.85
2153,19,0.0,2.0,,2017.45
2153,19,0.0,4.0,,2508.31
2165,6,7.0,,,1650
2165,18,0.0,,,0.95
2165,12,7.0,,,15
2167,13,7.0,3.0,,170
2167,13,0.0,3.0,,160
2167,19,7.0,4.0,,7585
2167,19,6.0,2.0,4.0,5108.9
2167,8,7.0,1.0,5.0,1800
2167,9,7.0,2.0,,1.8
2167,5,7.0,5.0,,100
2167,18,6.0,1.0,,0.5
2183,5,7.0,,,250 ug/mL
2183,11,0.0,,,3000 1/cm
2183,14,7.0,1.0,4.0,200 Pa-s
2183,2,0.0,1.0,,37°C
2194,6,7.0,3.0,5.0,850
2194,9,6.0,2.0,4.0,2.8
2194,2,7.0,2.0,5.0,67
2194,12,7.0,2.0,4.0,15
2194,11,7.0,1.0,5.0,1800
2195,0,6.0,3.0,,
2195,0,6.0,3.0,,
2195,14,6.0,1.0,,
2195,9,0.0,,,Absorbance: 1.5 Abs
2195,12,7.0,2.0,5.0,Chemical Shift: 12 ppm
2195,15,7.0,4.0,,0.005 M
2206,12,7.0,2.0,,Chemical Shift
2206,19,0.0,2.0,4.0,Viscosity
2206,18,7.0,1.0,5.0,Wear Resistance
2206,19,0.0,1.0,5.0,Viscosity
2206,19,7.0,4.0,,Viscosity
2208,9,0.0,2.0,4.0,1.2
2208,8,0.0,1.0,4.0,500
2208,14,7.0,2.0,4.0,250
2208,17,0.0,2.0,,50
2208,4,7.0,5.0,,350
2208,15,6.0,5.0,,0.005
223,6,6.0,3.0,4.0,800
2246,4,6.0,1.0,,350
2246,10,6.0,2.0,,200
2246,17,0.0,1.0,4.0,25
2247,1,0.0,1.0,,475
2247,1,7.0,2.0,4.0,675
2247,12,0.0,2.0,4.0,12
2247,12,6.0,1.0,4.0,18
2247,14,7.0,1.0,,500
2247,14,7.0,4.0,,300
2247,17,6.0,3.0,,10
2247,6,6.0,2.0,5.0,1502
2247,13,0.0,3.0,,90
2247,19,7.0,2.0,4.0,7688.39
2247,19,6.0,5.0,,5123.92
2247,19,6.0,1.0,,4826.84
2263,13,0.0,,,120
2263,4,6.0,1.0,5.0,400
2263,8,6.0,4.0,,1800
2263,15,0.0,2.0,4.0,0.002
2282,7,7.0,1.0,,7.1 pH
2282,2,6.0,4.0,,72
2282,9,0.0,1.0,4.0,1.2
2282,1,7.0,2.0,5.0,540
2282,6,6.0,2.0,,180
2282,3,0.0,4.0,,2.8
2282,11,6.0,5.0,,3400
2282,19,7.0,2.0,4.0,7624.03
2282,19,7.0,3.0,,7354.81
2284,2,0.0,,,Temperature
2284,9,6.0,1.0,,Absorbance
2284,4,7.0,5.0,,Concentration
2284,6,6.0,3.0,5.0,Mass-to-Charge
2284,1,0.0,3.0,4.0,Wavelength
2284,19,0.0,3.0,5.0,Viscosity
2284,0,6.0,5.0,,Viscosity
2284,16,6.0,,,Cycle Threshold
2284,11,0.0,,,Frequency Range
2284,15,7.0,,,Molarity
2289,16,6.0,,,35
2289,17,7.0,2.0,,10.25
2289,4,0.0,2.0,,450
2289,7,7.0,,,7
2289,10,0.0,2.0,4.0,350
2290,4,6.0,4.0,,543.2
2290,8,6.0,3.0,4.0,1543.6
2290,14,7.0,,,312.5
2290,17,6.0,2.0,4.0,24.7
2290,16,0.0,3.0,5.0,18.3
23,9,6.0,2.0,4.0,2.7 Abs
23,1,7.0,2.0,,650 nm
23,2,0.0,1.0,,55 °C
23,18,7.0,1.0,5.0,0.750 mm
23,16,0.0,3.0,5.0,28 Ct
23,6,6.0,4.0,,450 m/z
23,0,7.0,2.0,,12000 RPM
23,14,0.0,1.0,,500 Pa-s
23,19,0.0,4.0,,2550.91 cP
23,19,6.0,4.0,,4824.28 cP
2304,8,6.0,2.0,,1500 µS/cm
2304,9,6.0,,,2.3 Abs
2304,19,6.0,1.0,,4831.87 cP
2307,4,6.0,1.0,5.0,450
2307,4,6.0,2.0,,500
2307,5,6.0,1.0,4.0,120
2307,11,7.0,2.0,4.0,2850
2307,12,0.0,3.0,5.0,15
2307,3,0.0,3.0,4.0,2.3
2307,3,0.0,2.0,,1.8
2307,0,6.0,3.0,5.0,7500
2307,13,7.0,,,70
2316,18,0.0,3.0,,0.450 mm
2316,10,6.0,1.0,5.0,150.25 mg/L
2316,2,6.0,4.0,,45°C
2316,4,6.0,3.0,,235.5 ppm
2316,14,6.0,3.0,,500 Pa-s
2316,12,0.0,2.0,,5.5 ppm
2316,5,7.0,2.0,,250 µg/mL
2316,3,6.0,5.0,,2.35 OD
2316,15,0.0,,,0.005 M
2331,15,7.0,2.0,4.0,2.5
2331,3,6.0,3.0,,1.2
2331,8,7.0,3.0,4.0,1500
2331,14,6.0,4.0,,25.7
2331,1,7.0,5.0,,450
2331,0,0.0,2.0,,13500
2331,2,7.0,2.0,,37
2331,4,7.0,3.0,,250
2331,15,7.0,4.0,,6.8
2331,19,7.0,1.0,,7059.24
2331,19,0.0,,,2329.65
2345,0,6.0,2.0,,12000
2345,0,6.0,5.0,,7450
2345,18,7.0,5.0,,0.55
2345,18,7.0,3.0,5.0,0.65
2345,9,6.0,1.0,5.0,2.35
2345,12,7.0,1.0,5.0,10.7
2345,10,0.0,1.0,4.0,567.8
2345,11,6.0,,,3400
2345,19,0.0,4.0,,2473.86
2345,19,7.0,1.0,5.0,7262.23
2370,8,0.0,5.0,,1500 uS/cm
2370,8,0.0,2.0,,1800 uS/cm
2370,3,0.0,2.0,,3.2 OD
2370,0,,,,
2370,7,0.0,1.0,,8 pH
2370,2,0.0,2.0,4.0,45°C
2370,16,0.0,3.0,5.0,35 Ct
2389,1,0.0,2.0,5.0,510.5
2389,1,6.0,3.0,4.0,850.2
2389,15,7.0,1.0,5.0,0.045
2389,15,0.0,,,0.078
2389,8,0.0,2.0,4.0,1250
2389,8,6.0,4.0,,1450
2389,19,6.0,2.0,,5177.27
2389,19,7.0,4.0,,7403.95
2389,9,7.0,2.0,,2.1
2389,3,0.0,2.0,,0.9
2389,14,0.0,1.0,5.0,320
2389,4,7.0,,,225.3
2398,6,6.0,1.0,5.0,1340
2398,6,6.0,1.0,,1550
2398,11,7.0,5.0,,2850
2398,14,7.0,1.0,4.0,600
2398,3,6.0,,,2.8
2398,0,6.0,3.0,,12000
2398,8,0.0,1.0,,1500
2398,19,6.0,1.0,4.0,4626.39
2398,19,0.0,2.0,5.0,1920.02
2398,7,7.0,3.0,,5.7
2400,18,0.0,1.0,5.0,Scar Diameter
2400,15,7.0,2.0,5.0,Concentration
2400,8,6.0,2.0,,Conductivity
2400,4,6.0,4.0,,Compound Detection
2400,12,6.0,3.0,5.0,Chemical Shift
2400,7,7.0,4.0,,pH Level
2405,9,0.0,1.0,5.0,1.2
2405,8,7.0,3.0,,1150
2405,11,6.0,5.0,,3600
2425,3,6.0,2.0,,1.95 OD
2425,9,6.0,1.0,5.0,2.25 Abs
2425,11,6.0,3.0,4.0,3000 1/cm
2434,19,6.0,5.0,,4822.28
2434,19,6.0,2.0,4.0,5197.34
2434,0,0.0,5.0,,12000
2452,18,6.0,1.0,,0.5
2452,18,7.0,2.0,5.0,0.8
2452,14,6.0,1.0,4.0,300
2452,12,0.0,,,10
2452,9,0.0,2.0,,2.5
2452,10,0.0,1.0,,15
2452,4,0.0,1.0,,850
2452,5,6.0,3.0,,250
2468,5,6.0,2.0,,0.25
2468,12,0.0,1.0,5.0,15
2468,8,0.0,1.0,,800
2468,1,6.0,1.0,4.0,650
2476,15,6.0,2.0,4.0,7.655
2476,8,0.0,3.0,5.0,1500
2476,9,6.0,3.0,4.0,2.45
2476,12,7.0,5.0,,10.7
2476,7,6.0,2.0,,6.5
2476,0,,,,...
2479,16,6.0,1.0,5.0,27 Ct
2479,17,0.0,1.0,4.0,22.5 mM
2479,7,6.0,,,7.3 pH
2479,18,0.0,,,0.450 mm
2479,3,6.0,1.0,2.0,3.2 OD
2479,6,6.0,2.0,5.0,352 m/z
2479,19,7.0,3.0,,7155.56 cP
2479,19,6.0,1.0,,4683.46 cP
2483,1,7.0,1.0,4.0,850
2483,13,6.0,2.0,4.0,120
2483,6,6.0,1.0,4.0,1500
2483,10,7.0,,,110
2483,0,7.0,3.0,5.0,8500
2483,3,7.0,1.0,4.0,1.2
2483,7,6.0,2.0,4.0,5
2483,11,6.0,1.0,4.0,3500
2484,17,0.0,4.0,,45.6
2484,1,6.0,2.0,5.0,245.8
2484,8,7.0,3.0,,1023
2484,5,7.0,1.0,4.0,320.5
2484,12,7.0,1.0,5.0,7.8
2484,0,0.0,4.0,,13400
2484,11,6.0,5.0,,1012
2484,4,7.0,4.0,,0.9
2484,19,6.0,,,4899.24
2484,19,0.0,3.0,5.0,2745.61
2488,6,0.0,1.0,4.0,m/z
2488,3,7.0,4.0,,OD
2488,9,0.0,1.0,,Abs
2488,2,7.0,2.0,,Temperature
2488,12,0.0,4.0,,Chemical Shift
2488,8,7.0,,,Conductivity
2488,15,0.0,1.0,4.0,Concentration
2488,19,7.0,3.0,,Viscosity
2488,19,7.0,2.0,4.0,Viscosity
2492,0,7.0,2.0,,8500
2492,8,7.0,3.0,5.0,1800
2492,14,0.0,4.0,,125
2492,17,0.0,2.0,4.0,10
2492,3,6.0,1.0,,2.4
2492,19,7.0,1.0,,7315.15
2492,19,6.0,3.0,,5161.14
2494,14,6.0,3.0,5.0,350
2494,2,7.0,3.0,,55
2494,1,0.0,3.0,,450
2494,4,6.0,3.0,4.0,500
2494,6,7.0,1.0,4.0,1200
2496,17,0.0,1.0,,12.345
2496,12,7.0,1.0,,5.67
2496,2,7.0,3.0,4.0,37
2496,16,6.0,1.0,5.0,25.4
2496,14,7.0,4.0,,250
2496,6,6.0,4.0,,1500
2496,10,7.0,5.0,,300
2496,15,7.0,3.0,,0.654
2496,9,6.0,3.0,5.0,2.75
2496,19,6.0,,,5045.09
2496,19,6.0,5.0,,5157.17
254,6,6.0,5.0,,1745 m/z
254,5,0.0,5.0,,150 µg/mL
254,10,6.0,4.0,,85 mg/L
254,17,7.0,1.0,5.0,25 mM
255,3,7.0,3.0,5.0,3.2
255,3,7.0,,,2.7
255,10,7.0,1.0,4.0,450.5
255,6,0.0,1.0,,1550
255,13,6.0,5.0,,85
255,7,6.0,2.0,5.0,6.8
255,19,7.0,1.0,4.0,7070.48
255,19,7.0,3.0,4.0,7236.41
259,15,6.0,0.0,,5.467
259,8,0.0,4.0,,1543
259,18,7.0,2.0,4.0,0.523
259,13,6.0,2.0,,125
259,10,0.0,1.0,,456.78
259,9,0.0,1.0,,2.76
259,19,6.0,1.0,,4886.05
259,19,6.0,3.0,5.0,5129.95
264,9,6.0,2.0,,2.7
264,14,7.0,2.0,,500
264,18,6.0,4.0,,0.75
264,12,0.0,2.0,,15
264,17,0.0,1.0,,10
279,1,,,,450
279,1,,,,650
286,6,0.0,4.0,,1540
286,11,7.0,3.0,5.0,1750
286,4,7.0,2.0,,250
286,3,7.0,3.0,,2.4
286,5,6.0,2.0,,150
286,18,6.0,3.0,5.0,0.75
286,7,6.0,,,7
286,14,6.0,1.0,,850
286,9,0.0,1.0,,2.1
286,6,7.0,1.0,,1100
286,19,6.0,1.0,4.0,4655.74
286,19,6.0,,,4893.47
289,18,7.0,3.0,,0.75
289,18,7.0,3.0,4.0,0.85
289,14,7.0,,,345
289,19,7.0,1.0,,7059.32
289,19,0.0,1.0,5.0,2903.1
289,4,7.0,2.0,4.0,123.5
289,12,6.0,2.0,5.0,11.5
294,19,7.0,3.0,4.0,Viscosity
294,19,6.0,1.0,4.0,Viscosity
3,5,7.0,3.0,4.0,250.35
3,11,0.0,1.0,4.0,1050.5
3,1,7.0,1.0,5.0,350.2
3,14,7.0,,,0.55
3,12,6.0,5.0,,10.5
3,17,0.0,1.0,5.0,25.8
3,16,0.0,3.0,,30.3
3,18,7.0,1.0,5.0,0.45
3,13,7.0,,,90
3,19,0.0,3.0,5.0,2744.95
301,5,0.0,3.0,5.0,250 ug/mL
301,7,7.0,3.0,,pH 7
304,16,,1.0,,25
304,9,,2.0,,1.2
304,15,,,,0.5
304,11,,3.0,,2800
304,17,,1.0,5.0,75
325,18,0.0,2.0,,0.35
325,18,6.0,3.0,,0.6
325,12,6.0,5.0,,10.5
325,12,0.0,1.0,,8.5
325,8,0.0,5.0,,750
325,8,7.0,,,1000
330,12,7.0,4.0,,Chemical Shift
330,1,0.0,3.0,4.0,Absorbance
330,15,6.0,4.0,,Concentration
330,18,6.0,2.0,5.0,Wear Track
330,16,0.0,3.0,,Ct Value
330,7,7.0,4.0,,pH Level
330,2,6.0,4.0,,Temperature
330,19,,,,Viscosity
330,19,,,,Viscosity
333,13,6.0,5.0,,145
333,4,6.0,5.0,,350
333,0,,,,BLT
333,8,7.0,3.0,5.0,980
333,18,7.0,3.0,5.0,0.5
333,0,,,,ABC
333,2,7.0,2.0,5.0,52
333,16,6.0,4.0,,28
333,0,,,,FYI
333,19,0.0,2.0,5.0,1822.54
333,19,6.0,2.0,4.0,5117.26
333,0,7.0,5.0,,12000
333,10,6.0,4.0,,250
333,0,,,,XYZ
351,6,6.0,1.0,,1570
351,13,6.0,1.0,,120
351,8,0.0,3.0,4.0,820
351,4,0.0,2.0,4.0,765
351,10,0.0,2.0,,45.2
351,16,7.0,3.0,4.0,30
351,11,0.0,4.0,,950
351,19,0.0,2.0,4.0,1864.54
351,19,6.0,2.0,4.0,5181.57
354,15,7.0,2.0,,4.523
354,15,7.0,2.0,4.0,3.212
354,7,7.0,1.0,5.0,5.6
354,3,7.0,4.0,,2.3
354,3,7.0,1.0,4.0,1.9
354,10,0.0,1.0,4.0,345.67
354,16,0.0,2.0,5.0,15.2
354,7,0.0,4.0,,6.8
354,19,0.0,1.0,5.0,2945.91
354,1,6.0,1.0,,550.4
354,19,6.0,3.0,4.0,4911.39
378,9,6.0,1.0,4.0,1.8
378,18,0.0,,,0.55
378,11,0.0,,,2800
378,13,6.0,,,150
378,14,7.0,2.0,4.0,450
378,3,6.0,1.0,4.0,2.1
378,1,0.0,,,450
378,16,7.0,2.0,4.0,25
378,8,6.0,,,1200
379,18,6.0,5.0,,0.95
379,10,0.0,2.0,4.0,12.5
379,7,7.0,2.0,4.0,5.8
379,5,7.0,4.0,,200.2
379,2,6.0,1.0,5.0,37
379,13,0.0,1.0,,142
379,6,6.0,2.0,,1800.5
379,15,7.0,3.0,,0.005
379,0,0.0,5.0,,8000
379,19,0.0,3.0,5.0,2811.72
379,19,7.0,2.0,,7669.78
38,10,6.0,3.0,5.0,12.4
38,5,6.0,3.0,4.0,73.5
38,1,6.0,2.0,5.0,210.6
38,7,0.0,1.0,4.0,5.8
38,2,6.0,,,[4-99] cycles
38,16,6.0,1.0,,28.7
38,14,6.0,3.0,5.0,320.2
38,3,6.0,1.0,,1.8
38,8,6.0,2.0,5.0,1450
38,19,6.0,2.0,,5199.81/5185.94
380,14,,,,350
380,19,,,,2524.24
380,15,,,,0.005
380,2,6.0,2.0,4.0,65
380,7,0.0,3.0,4.0,7.2
380,9,6.0,2.0,5.0,2.8
380,11,6.0,2.0,4.0,1800
380,13,0.0,3.0,4.0,95
381,13,6.0,,,75
381,13,7.0,,,100
381,4,0.0,,,15
381,4,7.0,,,20
381,3,7.0,,,0.8
381,3,7.0,,,3.5
381,15,7.0,,,0.005
381,15,6.0,,,0.009
381,18,6.0,,,0.75
381,18,7.0,,,0.9
381,14,7.0,,,25
381,14,0.0,,,50
381,19,7.0,,,7237.67
381,19,6.0,,,4829.23
392,11,7.0,3.0,4.0,3500
392,6,0.0,2.0,4.0,850
392,4,7.0,1.0,5.0,500
392,15,6.0,2.0,,0.005
392,19,0.0,1.0,4.0,2982.1
392,19,7.0,,,7374.21
398,14,6.0,,,0.1
398,7,,,,7
398,11,,,,1720
398,19,,,,2620.91
4,4,6.0,2.0,,456.7
4,4,7.0,1.0,4.0,982.5
4,17,6.0,3.0,,72.8
4,8,0.0,5.0,,1530
4,8,7.0,2.0,,957
4,14,7.0,2.0,4.0,550.3
4,19,0.0,2.0,5.0,1897.86
4,19,6.0,3.0,5.0,5074.57
4,18,,3.0,,0.678
411,2,,,,47
411,1,,,,350
411,7,,,,8.3
411,5,7.0,,,234.56
411,4,,,,125.4
411,3,,,,1.8
411,14,0.0,,,500
411,19,,,,7320.44
411,19,,,,2939.28
413,1,7.0,3.0,5.0,450.5
413,4,0.0,2.0,,250.1
413,10,7.0,4.0,,8.75
413,12,7.0,1.0,5.0,5.8
413,17,0.0,5.0,,0.25
413,14,0.0,3.0,,200
413,8,7.0,5.0,,1200
413,3,0.0,,,0.5
413,16,7.0,4.0,,25
413,9,7.0,1.0,,1.2
422,1,0.0,4.0,,550.75
422,6,7.0,4.0,,1250
422,9,0.0,2.0,4.0,1.2
422,2,0.0,3.0,,37.5
422,14,7.0,4.0,,450
422,7,6.0,,,7.2
422,12,6.0,,,13.5
427,7,7.0,3.0,4.0,7.2
427,7,0.0,5.0,,6.8
427,14,6.0,3.0,5.0,250
427,14,6.0,4.0,,300
427,15,7.0,1.0,,0.005
427,16,7.0,1.0,5.0,28
427,6,7.0,1.0,4.0,1500
427,5,7.0,4.0,,35
427,1,0.0,3.0,5.0,450
427,4,7.0,5.0,,5.5
427,19,7.0,5.0,,7744.27
427,19,0.0,1.0,4.0,3138.2
427,19,7.0,1.0,5.0,7378.83
431,14,,,,875
431,19,,,,7696.47
431,14,,,,550
431,19,,,,2097.28
431,19,,,,1894.19
431,17,,,,0.01
431,8,,,,1500
431,4,,,,250
431,3,,,,2.5
431,3,,,,1.8
431,1,,,,450
431,16,,,,22
431,16,,,,15
432,18,7.0,2.0,5.0,Wear Scar
432,9,7.0,,,Absorbance
432,16,0.0,2.0,4.0,Ct Value
432,3,6.0,1.0,5.0,Optical Density
432,6,6.0,3.0,4.0,Mass-to-Charge
432,15,6.0,4.0,,Molarity
432,17,6.0,1.0,,Concentration
432,18,7.0,3.0,4.0,Wear Scar
432,9,0.0,5.0,,Absorbance
432,16,6.0,2.0,,Ct Value
45,7,6.0,,,-
45,8,6.0,1.0,,-
45,17,6.0,,,-
45,12,0.0,1.0,5.0,-
45,13,6.0,1.0,4.0,-
45,6,6.0,1.0,,-
45,10,0.0,3.0,4.0,-
45,5,6.0,2.0,5.0,-
451,7,7.0,0.0,2.0,7.3
451,15,0.0,2.0,4.0,2.5
451,17,6.0,1.0,4.0,15.8
451,13,7.0,2.0,,112.5
451,10,0.0,1.0,5.0,87.2
451,5,0.0,4.0,,250.3
451,0,0.0,5.0,,11500
451,16,6.0,,,28
451,1,7.0,1.0,5.0,350
451,17,6.0,2.0,4.0,23.4
457,14,7.0,,,500 Pa-s
457,19,7.0,1.0,4.0,7077.88 cP
457,19,0.0,2.0,4.0,1865.71 cP
457,8,7.0,,,1200
457,2,7.0,,,37
457,0,0.0,3.0,5.0,8000
457,18,7.0,3.0,4.0,0.75
457,15,7.0,3.0,,0.005
457,6,6.0,4.0,,600
458,9,7.0,2.0,,2.5
458,16,7.0,2.0,4.0,15.2
458,17,6.0,3.0,,0.089
458,11,6.0,3.0,4.0,1450
458,5,0.0,,,50.7
458,9,0.0,,,3.1
46,11,6.0,,,1500
46,14,6.0,,,0.45
46,1,7.0,,,800
46,19,7.0,,,7168.93
46,19,0.0,,,2950.75
47,1,0.0,4.0,,670
47,9,7.0,3.0,,2.3
47,9,7.0,,,1.8
47,16,0.0,5.0,,25
47,0,6.0,5.0,,12000
473,3,6.0,3.0,4.0,Optical Density
473,15,0.0,2.0,4.0,Molar Concentration
473,16,7.0,1.0,5.0,Cycle Count
473,2,0.0,3.0,,Thermal Stability
473,9,7.0,3.0,4.0,Absorbance
473,7,0.0,,,pH Level
473,12,7.0,4.0,,Chemical Shift
473,13,6.0,2.0,4.0,Crystal Structure
473,17,0.0,1.0,,Ionic Concentration
473,19,7.0,1.0,4.0,Viscosity
477,10,7.0,2.0,4.0,75.5
477,17,7.0,3.0,5.0,45
477,5,6.0,2.0,4.0,200
477,10,6.0,4.0,,500
477,16,0.0,2.0,5.0,10
477,6,0.0,1.0,4.0,1500
477,17,7.0,1.0,5.0,12.5
477,5,6.0,2.0,,329.9
479,5,,,,250.00 ug/mL
479,5,,,,102.50 ug/mL
479,19,,,,2090.92 cP
479,17,,,,75.00 mM
479,11,,,,1700 cm⁻¹
487,0,0.0,1.0,5.0,12000
487,0,0.0,3.0,5.0,14000
487,4,6.0,1.0,4.0,450
487,4,7.0,1.0,,300
487,8,6.0,3.0,5.0,1550
487,8,0.0,2.0,5.0,1800
487,3,0.0,2.0,4.0,3.2
487,9,6.0,,,2.8
487,17,6.0,1.0,,50
487,18,6.0,2.0,4.0,0.85
490,3,,,,1.8 OD
490,13,,,,145°C
490,1,,,,820 nm
490,17,,,,25 mM
490,12,,,,12 ppm
490,11,,,,3500 1/cm
490,3,,,,2.3 OD
490,13,,,,90°C
507,0,7.0,1.0,,8000
507,0,6.0,3.0,5.0,12000
507,6,7.0,2.0,5.0,150
507,6,6.0,2.0,5.0,350
507,14,7.0,3.0,4.0,500
507,14,7.0,3.0,,250
507,10,7.0,1.0,,0.5
507,10,6.0,3.0,5.0,0.8
507,12,7.0,2.0,5.0,5
507,12,6.0,2.0,5.0,8
507,18,7.0,3.0,4.0,0.75
507,18,7.0,3.0,,0.65
507,19,6.0,3.0,,5130.62
507,19,0.0,3.0,5.0,2705.57
508,4,7.0,3.0,5.0,25.6
508,17,7.0,5.0,,50.2
508,4,0.0,2.0,5.0,300.8
508,18,6.0,1.0,,0.45
508,18,0.0,1.0,4.0,0.75
508,13,6.0,4.0,,120
508,10,6.0,2.0,5.0,850.3
511,7,0.0,4.0,,5.5
511,9,0.0,4.0,,1.2
511,19,0.0,2.0,5.0,1929.51
511,8,6.0,2.0,4.0,1500 uS/cm
511,17,6.0,4.0,,25.5 mM
511,2,0.0,3.0,5.0,85
511,3,6.0,5.0,,0.75
511,1,0.0,4.0,,550
511,18,6.0,2.0,4.0,0.5
511,0,6.0,5.0,,12000
511,19,7.0,4.0,,7589.02
511,11,0.0,3.0,5.0,1500
513,0,,,,12000
513,4,,,,450
513,17,,,,0.05
513,0,,,,
513,19,,,,2896
513,19,,,,7359.34
513,14,,,,300
513,0,,,,
518,13,6.0,1.0,4.0,92
518,5,6.0,1.0,4.0,75.5
518,5,7.0,5.0,,38.2
518,13,6.0,2.0,,85
518,8,7.0,3.0,4.0,1500
518,8,6.0,1.0,,1200
518,19,0.0,2.0,,2017.88
518,19,0.0,3.0,,2731.35
518,16,6.0,2.0,5.0,27
518,16,7.0,2.0,,15
518,15,0.0,5.0,,0.005
518,15,0.0,1.0,4.0,0.008
52,8,7.0,4.0,,1500
52,8,6.0,5.0,,1600
52,9,0.0,2.0,5.0,1.2
52,10,7.0,1.0,5.0,250
522,14,0.0,,,Viscosity
522,19,6.0,4.0,,Viscosity
522,19,0.0,4.0,,Viscosity
522,0,6.0,2.0,5.0,Speed
522,4,7.0,5.0,,Concentration
522,11,7.0,2.0,4.0,Wavenumber
522,9,7.0,1.0,5.0,Absorbance
522,17,6.0,5.0,,Ion Concentration
522,15,6.0,2.0,4.0,Molarity
522,13,7.0,2.0,5.0,Temperature
53,15,7.0,1.0,4.0,5.642
53,7,0.0,1.0,,7.8
53,11,7.0,3.0,5.0,1650
53,10,7.0,,,250.75
53,3,7.0,1.0,4.0,3.8
53,18,0.0,3.0,4.0,0.75
53,4,6.0,4.0,,75.5
53,19,7.0,3.0,4.0,7112.5
53,19,6.0,1.0,4.0,4734.8
53,19,6.0,4.0,,4929.61
533,11,6.0,2.0,,1600
533,17,7.0,3.0,5.0,50
533,4,6.0,5.0,,300
533,7,6.0,2.0,5.0,7.5
533,8,0.0,1.0,4.0,1200
54,4,6.0,1.0,,845.2
54,13,7.0,2.0,4.0,145
54,7,0.0,2.0,,7.5
54,2,7.0,1.0,4.0,37
54,15,0.0,1.0,,0.003
54,8,6.0,1.0,5.0,1500
54,12,7.0,4.0,,12.5
54,19,6.0,3.0,,5141.64
54,19,0.0,4.0,,2700.23
566,14,6.0,2.0,,320
566,0,,,,
566,19,6.0,2.0,4.0,5246.93
566,19,6.0,1.0,,4813.86
568,16,7.0,2.0,4.0,35
568,10,7.0,4.0,,540.23
568,14,0.0,5.0,,250.5
568,12,7.0,3.0,5.0,10.1
568,1,6.0,1.0,5.0,750
568,6,7.0,1.0,4.0,1200
568,8,6.0,1.0,,1500
568,9,6.0,3.0,4.0,2.5
568,0,6.0,,,12000
57,5,7.0,,,125.5 ug/mL
57,5,0.0,3.0,4.0,210.75 ug/mL
57,5,0.0,2.0,5.0,300.9 ug/mL
57,9,0.0,2.0,5.0,2.8 Abs
57,9,7.0,,,3.1 Abs
57,9,6.0,1.0,5.0,1.2 Abs
57,15,0.0,3.0,4.0,0.007 M
57,15,7.0,2.0,4.0,0.009 M
57,6,6.0,1.0,5.0,845 m/z
57,6,7.0,3.0,,980 m/z
57,6,0.0,2.0,5.0,1050 m/z
583,9,6.0,1.0,5.0,1.8
583,7,7.0,,,8.5
583,3,6.0,3.0,4.0,2.4
583,8,6.0,1.0,4.0,1250
583,16,7.0,3.0,4.0,20
583,12,0.0,1.0,4.0,15.2
583,11,6.0,1.0,,3450
583,4,0.0,2.0,4.0,220.5
60,11,7.0,1.0,,320
60,10,0.0,3.0,,120
60,17,0.0,1.0,5.0,75
60,1,6.0,3.0,,600
60,4,6.0,1.0,,250
60,8,7.0,3.0,,1500
60,2,7.0,1.0,4.0,37
60,19,6.0,2.0,4.0,5144.43
60,19,7.0,,,7682.14
60,19,,,,7595.47
625,13,6.0,2.0,4.0,145
625,17,7.0,4.0,,12.5
625,13,6.0,1.0,5.0,165
625,17,7.0,1.0,,9
625,14,0.0,3.0,4.0,350
625,19,0.0,2.0,4.0,2027.34
625,19,7.0,,,7412.58
625,15,0.0,,,2.5
625,11,6.0,5.0,,2500
625,18,7.0,3.0,5.0,0.75
63,15,6.0,1.0,5.0,Concentration
63,16,7.0,2.0,,Cycle Threshold
63,3,7.0,2.0,5.0,Optical Density
63,11,7.0,1.0,5.0,Wavenumber
63,12,7.0,1.0,,Chemical Shift
63,0,6.0,1.0,5.0,Rotor Speed
63,14,0.0,1.0,5.0,Viscosity
63,2,6.0,2.0,4.0,Temperature
63,17,7.0,3.0,5.0,Ion Concentration
634,6,0.0,1.0,5.0,1350
634,4,6.0,4.0,,75
634,0,7.0,3.0,4.0,12000
634,9,6.0,3.0,4.0,1.8
634,8,6.0,,,50
634,16,7.0,4.0,,25
634,19,6.0,1.0,,5221.64
638,15,0.0,1.0,4.0,0.005 M
638,18,6.0,1.0,4.0,0.300 mm (Wear Scar)
638,19,,,,7274.8 to 1934.4 cP
638,13,7.0,4.0,,45 (Deg)
646,11,6.0,1.0,,1500 1/cm
646,1,6.0,1.0,5.0,650 nm
646,3,6.0,1.0,,1.2 OD
646,8,7.0,5.0,,800 uS/cm
646,4,7.0,1.0,4.0,200 ppm
646,17,7.0,5.0,,10 mM
646,5,7.0,3.0,,250 ug/mL
646,14,0.0,3.0,4.0,500 Pa-s
646,19,6.0,3.0,5.0,5132.32 cP
646,19,7.0,,,7508.02 cP
646,19,0.0,1.0,5.0,3019.16 cP
658,18,6.0,1.0,,Wear Scar Diameter
658,16,7.0,5.0,,Threshold Cycle
658,7,0.0,1.0,,pH Value
661,14,6.0,3.0,4.0,853.4
661,3,0.0,3.0,5.0,2.3
67,17,7.0,1.0,4.0,25.678
67,8,7.0,4.0,,1500.35
67,4,7.0,1.0,5.0,89.5
67,18,6.0,5.0,,0.789
67,16,6.0,3.0,5.0,35.2
67,1,0.0,3.0,5.0,650.45
67,7,6.0,1.0,5.0,7.2
67,3,6.0,2.0,4.0,3.56
67,13,7.0,1.0,4.0,50
67,10,6.0,3.0,5.0,650.25
67,19,,,,5175
67,19,,,,7737.43
690,19,7.0,3.0,,Viscosity
690,19,0.0,,,Viscosity
691,15,6.0,1.0,5.0,5.5
691,13,6.0,2.0,,120
691,9,6.0,5.0,,2.5
691,3,7.0,1.0,5.0,3.2
691,19,0.0,1.0,4.0,3091.3
692,4,,,,500
692,5,,,,250
692,13,,,,120
692,7,,,,7
692,12,,,,15
692,8,,,,1500
692,17,,,,50
692,2,,,,37
692,16,,,,28
692,1,,,,850
692,19,,,,2062.71
692,19,,,,7835.67
692,19,,,,7323.88
703,17,0.0,1.0,5.0,25.678
703,17,7.0,1.0,4.0,45.953
709,6,7.0,3.0,,1120
709,12,6.0,2.0,,15.4
709,0,6.0,4.0,,8500
709,17,7.0,1.0,5.0,75.2
709,14,7.0,1.0,5.0,450
709,9,6.0,4.0,,1.9
709,8,6.0,2.0,,1050
710,0,6.0,1.0,5.0,12000
710,7,7.0,4.0,,7.8
710,14,7.0,1.0,4.0,250
710,16,7.0,,,32
710,12,7.0,3.0,5.0,15
710,8,6.0,4.0,,850
710,9,0.0,3.0,5.0,1.25
710,3,6.0,1.0,5.0,0.58
710,13,7.0,4.0,,60
710,18,0.0,3.0,5.0,0.75
712,8,0.0,2.0,5.0,1500
712,13,7.0,,,120
712,0,0.0,5.0,,5000
712,16,6.0,2.0,4.0,25
712,19,6.0,3.0,5.0,5137.78
712,19,6.0,1.0,,4746.57
713,2,6.0,1.0,,Optimal at 37°C
713,3,0.0,1.0,4.0,1.8 OD
713,1,7.0,4.0,,600 nm
713,16,7.0,2.0,4.0,Cycle threshold (Ct) = 25
713,19,0.0,1.0,4.0,3078.95 cP
713,19,6.0,3.0,4.0,5063.91 cP
733,13,7.0,3.0,,145
733,13,6.0,1.0,,165
733,2,0.0,3.0,5.0,75
733,6,7.0,2.0,5.0,550
733,6,0.0,2.0,4.0,1000
733,19,6.0,3.0,5.0,5223.15
733,19,7.0,2.0,4.0,7727.25
733,19,7.0,1.0,5.0,7197.1
733,7,0.0,5.0,,7
733,3,6.0,1.0,5.0,2.3
733,8,6.0,5.0,,1500
737,9,0.0,,,Absorbance
737,9,6.0,,,Absorbance
737,12,6.0,3.0,5.0,15.7 ppm
737,10,7.0,2.0,5.0,450.5 mg/L
737,17,0.0,1.0,,Ion Strength (mM)
737,13,6.0,1.0,,Crystal Structure (C)
737,8,7.0,1.0,,Conductivity (uS/cm)
737,19,7.0,5.0,,Viscosity (cP)
741,0,7.0,1.0,4.0,12000
741,11,0.0,5.0,,750
741,4,7.0,3.0,,25
741,15,7.0,1.0,4.0,0.005
741,19,6.0,3.0,5.0,5117.35
741,19,7.0,2.0,5.0,7751.14
742,5,7.0,3.0,4.0,253.56
742,1,6.0,2.0,5.0,528
742,11,7.0,3.0,4.0,1450
742,4,6.0,2.0,5.0,45.9
742,7,0.0,1.0,4.0,5.3
742,15,0.0,3.0,,0.005
742,17,0.0,1.0,4.0,12.7
742,14,6.0,2.0,4.0,305
742,2,6.0,2.0,4.0,72
742,19,0.0,1.0,5.0,3041.83
742,19,7.0,,,7524.36
742,19,0.0,,,1990.9
758,14,0.0,3.0,4.0,2.5 Pa-s
758,19,6.0,3.0,5.0,4977.89 cP
758,19,6.0,5.0,,4900.09 cP
758,19,7.0,1.0,,7151.28 cP
758,9,0.0,1.0,,1.2 Abs
758,13,7.0,3.0,5.0,160°C
758,0,6.0,2.0,4.0,12000 RPM
762,9,6.0,2.0,5.0,3.2
762,9,6.0,1.0,4.0,2.8
762,0,0.0,5.0,,12000
762,0,7.0,3.0,5.0,14000
762,8,0.0,3.0,4.0,1500
762,8,7.0,4.0,,1800
762,6,6.0,1.0,,800
762,18,0.0,1.0,,0.3
762,11,7.0,1.0,5.0,3500
768,11,0.0,1.0,,1600
768,12,7.0,1.0,4.0,10.5
777,9,7.0,,,2.5
777,9,6.0,,,1.75
777,9,,,,1.2
778,8,7.0,2.0,4.0,1340
778,19,7.0,2.0,5.0,7720.2
778,18,6.0,4.0,,0.59
778,9,0.0,,,2.1
778,0,6.0,3.0,5.0,8000
778,2,0.0,2.0,4.0,37
778,6,0.0,2.0,5.0,650
778,10,7.0,1.0,4.0,110
778,16,7.0,2.0,4.0,25
780,6,7.0,1.0,,1500
780,6,6.0,2.0,,1750
780,0,6.0,1.0,,12000
780,0,0.0,2.0,,13500
780,12,6.0,4.0,,15
786,2,7.0,3.0,4.0,95
786,12,0.0,2.0,,15
786,11,6.0,1.0,,3000
786,6,0.0,1.0,4.0,850
786,4,0.0,1.0,,250
786,6,6.0,2.0,4.0,1300
796,14,6.0,3.0,5.0,512 Pa-s
796,7,6.0,2.0,,5.9 pH
796,8,0.0,,,800 µS/cm
796,6,0.0,4.0,,550 m/z
796,12,6.0,3.0,4.0,7.2 ppm
796,11,6.0,2.0,5.0,1550 1/cm
796,2,0.0,1.0,,37 °C
796,0,6.0,3.0,5.0,12000 RPM
796,16,0.0,,,23 Ct
796,19,6.0,1.0,4.0,4665.9 cP
796,19,0.0,3.0,,2764.44 cP
813,8,,,,1500 µS/cm
813,3,,,,2.5 OD
813,5,,,,250 µg/mL
813,15,,,,5 M
817,15,0.0,,,0.009
817,7,0.0,,,7
817,1,0.0,,,300
817,19,0.0,,,1983.03
826,17,0.0,1.0,,24.56
826,10,7.0,3.0,4.0,350.75
826,4,7.0,4.0,,95.8
826,5,7.0,3.0,4.0,250.4
826,8,6.0,1.0,,1500
826,1,0.0,,,550
826,11,7.0,3.0,5.0,1802
826,0,0.0,1.0,,12000
826,19,6.0,2.0,4.0,5094.54
826,19,0.0,2.0,,1861.87
826,19,6.0,3.0,5.0,5212.75
827,7,6.0,5.0,,7.5
827,17,6.0,,,0.005
827,6,6.0,2.0,5.0,850
827,13,6.0,1.0,,110
827,14,0.0,4.0,,400
832,19,7.0,,,Viscosity
832,19,0.0,4.0,,Viscosity
84,4,6.0,3.0,4.0,550
84,6,0.0,3.0,5.0,1250
84,0,7.0,,,12000
84,15,0.0,4.0,,6.5
84,17,0.0,2.0,5.0,75
84,18,6.0,,,0.8
84,12,6.0,3.0,4.0,10
84,14,0.0,,,500
84,19,6.0,4.0,,4925.02
84,19,7.0,1.0,,7165.85
84,19,6.0,3.0,4.0,5014.46
845,5,,,,150
845,7,,,,5.8
845,8,,,,1200
845,9,,,,2.1
845,18,,,,0.45
845,19,,,,2798.34
845,19,,,,5082.35
845,2,,,,68
849,3,6.0,5.0,,2.5
849,8,7.0,2.0,4.0,750
853,12,7.0,5.0,,15
853,0,7.0,1.0,5.0,12000
853,16,0.0,3.0,4.0,25
853,8,0.0,2.0,4.0,800
853,15,0.0,,,0.005
853,13,7.0,5.0,,70
853,4,7.0,1.0,5.0,250
853,6,0.0,3.0,4.0,650
853,3,0.0,2.0,4.0,2.5
853,19,6.0,1.0,,4959.28
853,19,0.0,2.0,5.0,1830.94
866,3,0.0,2.0,,2.8
866,7,7.0,3.0,,5.5
866,4,7.0,1.0,,320
891,6,7.0,1.0,,1750
891,12,0.0,3.0,5.0,15
891,14,6.0,3.0,5.0,500
891,15,7.0,3.0,5.0,0.005
891,3,0.0,1.0,,2.5
908,18,6.0,3.0,4.0,0.425
908,6,0.0,,,1125
908,5,7.0,5.0,,250
908,2,6.0,1.0,5.0,37
908,3,7.0,1.0,4.0,2.5
908,7,6.0,,,6.5
908,10,7.0,4.0,,150
908,15,0.0,2.0,5.0,0.007
908,8,7.0,,,750
908,19,7.0,1.0,,7171.08
908,19,7.0,,,7704.28
917,1,7.0,6.0,5.0,750
917,1,0.0,1.0,5.0,920
917,11,6.0,1.0,5.0,2850
917,11,7.0,1.0,5.0,1720
917,17,6.0,2.0,5.0,25.7
917,17,7.0,1.0,4.0,44.3
917,15,6.0,4.0,,0.55
917,15,7.0,5.0,,1.1
920,1,7.0,2.0,5.0,350
920,11,0.0,3.0,,1500
920,12,6.0,3.0,5.0,18
920,9,6.0,3.0,5.0,2.5
920,17,0.0,,,0.05
920,5,7.0,2.0,,250
920,10,0.0,,,750
920,0,7.0,3.0,,10000
920,19,7.0,3.0,,7076.13
920,19,6.0,3.0,,4923.62
920,19,7.0,1.0,5.0,7149.91
927,4,7.0,2.0,5.0,350.5
927,10,6.0,2.0,,92.4
927,9,7.0,,,1.2
927,14,0.0,3.0,,10.5
927,16,0.0,3.0,4.0,28.3
927,18,7.0,1.0,,0.68
927,13,7.0,2.0,5.0,75
927,17,6.0,2.0,,0.058
927,19,7.0,1.0,4.0,7128.18
927,19,0.0,1.0,4.0,3135.21
927,19,0.0,3.0,,2736.02
939,6,7.0,1.0,5.0,1500
939,11,6.0,4.0,,1800
939,10,7.0,2.0,5.0,750
939,1,0.0,3.0,,450
948,18,7.0,2.0,,0.55
948,18,7.0,3.0,,0.75
948,4,0.0,1.0,,750
948,7,7.0,3.0,,8.5
948,5,0.0,2.0,,50
948,8,6.0,3.0,5.0,1800
948,11,0.0,4.0,,3420
948,0,0.0,3.0,,12000
948,19,7.0,2.0,4.0,7709.11
948,19,6.0,1.0,4.0,4788.7
949,5,0.0,1.0,4.0,250
949,7,6.0,1.0,4.0,6.75
949,17,6.0,3.0,4.0,55
949,4,0.0,1.0,5.0,750
949,15,7.0,2.0,5.0,0.005
949,19,7.0,3.0,4.0,7386.29
949,19,7.0,2.0,4.0,7727.96
950,13,,,,120
950,3,,,,1.5
950,7,0.0,,,7
950,0,,,,450
950,10,,,,250
950,18,,,,0.75
967,12,0.0,4.0,,5.6
967,9,7.0,3.0,,1.8
967,11,0.0,1.0,4.0,2850
967,4,7.0,3.0,5.0,55.3
978,16,0.0,1.0,4.0,26.5
978,4,6.0,1.0,5.0,150.3
978,18,6.0,2.0,5.0,0.735
978,12,0.0,3.0,5.0,10.2
978,5,0.0,4.0,,255.6
978,10,7.0,2.0,5.0,450.88
978,6,0.0,1.0,4.0,1200
978,19,0.0,2.0,5.0,1875.54
978,19,0.0,2.0,5.0,1825.3
978,19,6.0,4.0,,5002.9
978,1,6.0,1.0,5.0,540
979,8,,,,Conductivity
979,5,,,,Vitamin E Concentration
979,0,,,,
979,9,,,,Absorbance
979,7,,,,pH
979,0,,,,
979,4,,,,Residuals
979,0,,,,
979,19,,,,Viscosity
979,19,,,,Viscosity
979,19,,,,Viscosity
979,0,,,,
989,3,6.0,,,3.5 OD
989,3,0.0,,,2.8 OD
989,1,,,,450 nm
989,1,,,,650 nm
989,7,,,,7 pH
989,7,,,,6.5 pH
989,8,,,,1200 uS/cm
989,8,,,,750 uS/cm
989,6,,,,1500 m/z
989,6,,,,980 m/z
989,19,,,,1850.98 cP
989,19,,,,7631.54 cP
989,19,,,,5047.93 cP
989,16,,,,25 Ct
989,16,,,,30 Ct
993,16,0.0,2.0,4.0,28
993,6,7.0,3.0,5.0,1520
993,4,7.0,1.0,,450
993,12,6.0,2.0,5.0,19
993,2,7.0,2.0,,37
993,0,7.0,1.0,4.0,8000
993,19,6.0,1.0,4.0,4792.39
